filename,full_path,deployment_id,timestamp
SC10_20240109091604.JPG,/Volumes/MediaVault/Masters/Camelot_Photos/SC10/SC10_20240109091604.JPG,SC10,20240109091604
SC10_20240128084001.JPG,/Volumes/MediaVault/Masters/Camelot_Photos/SC10/SC10_20240128084001.JPG,SC10,20240128084001
SC10_20240129082001.JPG,/Volumes/MediaVault/Masters/Camelot_Photos/SC10/SC10_20240129082001.JPG,SC10,20240129082001
SC11_20240115130501.JPG,/Volumes/MediaVault/Masters/Camelot_Photos/SC11/SC11_20240115130501.JPG,SC11,20240115130501
SC11_20240117084501.JPG,/Volumes/MediaVault/Masters/Camelot_Photos/SC11/SC11_20240117084501.JPG,SC11,20240117084501
SC11_20240117130501.JPG,/Volumes/MediaVault/Masters/Camelot_Photos/SC11/SC11_20240117130501.JPG,SC11,20240117130501
SC11_20240121123501.JPG,/Volumes/MediaVault/Masters/Camelot_Photos/SC11/SC11_20240121123501.JPG,SC11,20240121123501
SC3_20231123094001.JPG,/Volumes/MediaVault/Masters/Camelot_Photos/SC3/SC3_20231123094001.JPG,SC3,20231123094001
SC3_20231127082001.JPG,/Volumes/MediaVault/Masters/Camelot_Photos/SC3/SC3_20231127082001.JPG,SC3,20231127082001
SC3_20231201082001.JPG,/Volumes/MediaVault/Masters/Camelot_Photos/SC3/SC3_20231201082001.JPG,SC3,20231201082001
SC3_20231202232501.JPG,/Volumes/MediaVault/Masters/Camelot_Photos/SC3/SC3_20231202232501.JPG,SC3,20231202232501
SC3_20231202235501.JPG,/Volumes/MediaVault/Masters/Camelot_Photos/SC3/SC3_20231202235501.JPG,SC3,20231202235501
SC4_20231204111001.JPG,/Volumes/MediaVault/Masters/Camelot_Photos/SC4/SC4_20231204111001.JPG,SC4,20231204111001
SC4_20231206092001.JPG,/Volumes/MediaVault/Masters/Camelot_Photos/SC4/SC4_20231206092001.JPG,SC4,20231206092001
SC4_20231207084001.JPG,/Volumes/MediaVault/Masters/Camelot_Photos/SC4/SC4_20231207084001.JPG,SC4,20231207084001
SC4_20231211111001.JPG,/Volumes/MediaVault/Masters/Camelot_Photos/SC4/SC4_20231211111001.JPG,SC4,20231211111001
SC4_20231211115001.JPG,/Volumes/MediaVault/Masters/Camelot_Photos/SC4/SC4_20231211115001.JPG,SC4,20231211115001
SC4_20231212100001.JPG,/Volumes/MediaVault/Masters/Camelot_Photos/SC4/SC4_20231212100001.JPG,SC4,20231212100001
SC4_20231215093001.JPG,/Volumes/MediaVault/Masters/Camelot_Photos/SC4/SC4_20231215093001.JPG,SC4,20231215093001
SC4_20231215104001.JPG,/Volumes/MediaVault/Masters/Camelot_Photos/SC4/SC4_20231215104001.JPG,SC4,20231215104001
SC4_20231222110001.JPG,/Volumes/MediaVault/Masters/Camelot_Photos/SC4/SC4_20231222110001.JPG,SC4,20231222110001
SC4_20231224090001.JPG,/Volumes/MediaVault/Masters/Camelot_Photos/SC4/SC4_20231224090001.JPG,SC4,20231224090001
SC4_20231228090001.JPG,/Volumes/MediaVault/Masters/Camelot_Photos/SC4/SC4_20231228090001.JPG,SC4,20231228090001
SC4_20240103141001.JPG,/Volumes/MediaVault/Masters/Camelot_Photos/SC4/SC4_20240103141001.JPG,SC4,20240103141001
SC4_20240104083001.JPG,/Volumes/MediaVault/Masters/Camelot_Photos/SC4/SC4_20240104083001.JPG,SC4,20240104083001
SC4_20240105090001.JPG,/Volumes/MediaVault/Masters/Camelot_Photos/SC4/SC4_20240105090001.JPG,SC4,20240105090001
SC4_20240105091001.JPG,/Volumes/MediaVault/Masters/Camelot_Photos/SC4/SC4_20240105091001.JPG,SC4,20240105091001
SC5_20231204075001.JPG,/Volumes/MediaVault/Masters/Camelot_Photos/SC5/SC5_20231204075001.JPG,SC5,20231204075001
SC5_20231204160001.JPG,/Volumes/MediaVault/Masters/Camelot_Photos/SC5/SC5_20231204160001.JPG,SC5,20231204160001
SC5_20231204162001.JPG,/Volumes/MediaVault/Masters/Camelot_Photos/SC5/SC5_20231204162001.JPG,SC5,20231204162001
SC5_20231205075001.JPG,/Volumes/MediaVault/Masters/Camelot_Photos/SC5/SC5_20231205075001.JPG,SC5,20231205075001
SC5_20231205080002.JPG,/Volumes/MediaVault/Masters/Camelot_Photos/SC5/SC5_20231205080002.JPG,SC5,20231205080002
SC5_20231205145001.JPG,/Volumes/MediaVault/Masters/Camelot_Photos/SC5/SC5_20231205145001.JPG,SC5,20231205145001
SC5_20231205161001.JPG,/Volumes/MediaVault/Masters/Camelot_Photos/SC5/SC5_20231205161001.JPG,SC5,20231205161001
SC5_20231205162001.JPG,/Volumes/MediaVault/Masters/Camelot_Photos/SC5/SC5_20231205162001.JPG,SC5,20231205162001
SC5_20231206161001.JPG,/Volumes/MediaVault/Masters/Camelot_Photos/SC5/SC5_20231206161001.JPG,SC5,20231206161001
SC5_20231207161001.JPG,/Volumes/MediaVault/Masters/Camelot_Photos/SC5/SC5_20231207161001.JPG,SC5,20231207161001
SC5_20231207163001.JPG,/Volumes/MediaVault/Masters/Camelot_Photos/SC5/SC5_20231207163001.JPG,SC5,20231207163001
SC5_20231208160001.JPG,/Volumes/MediaVault/Masters/Camelot_Photos/SC5/SC5_20231208160001.JPG,SC5,20231208160001
SC5_20231208161001.JPG,/Volumes/MediaVault/Masters/Camelot_Photos/SC5/SC5_20231208161001.JPG,SC5,20231208161001
SC5_20231211161001.JPG,/Volumes/MediaVault/Masters/Camelot_Photos/SC5/SC5_20231211161001.JPG,SC5,20231211161001
SC5_20231211163001.JPG,/Volumes/MediaVault/Masters/Camelot_Photos/SC5/SC5_20231211163001.JPG,SC5,20231211163001
SC5_20240105083001.JPG,/Volumes/MediaVault/Masters/Camelot_Photos/SC5/SC5_20240105083001.JPG,SC5,20240105083001
SC5_20240108083001.JPG,/Volumes/MediaVault/Masters/Camelot_Photos/SC5/SC5_20240108083001.JPG,SC5,20240108083001
SC5_20240111114001.JPG,/Volumes/MediaVault/Masters/Camelot_Photos/SC5/SC5_20240111114001.JPG,SC5,20240111114001
SC5_20240111125001.JPG,/Volumes/MediaVault/Masters/Camelot_Photos/SC5/SC5_20240111125001.JPG,SC5,20240111125001
SC5_20240113082001.JPG,/Volumes/MediaVault/Masters/Camelot_Photos/SC5/SC5_20240113082001.JPG,SC5,20240113082001
SC5_20240113083001.JPG,/Volumes/MediaVault/Masters/Camelot_Photos/SC5/SC5_20240113083001.JPG,SC5,20240113083001
SC5_20240113112001.JPG,/Volumes/MediaVault/Masters/Camelot_Photos/SC5/SC5_20240113112001.JPG,SC5,20240113112001
SC5_20240113113001.JPG,/Volumes/MediaVault/Masters/Camelot_Photos/SC5/SC5_20240113113001.JPG,SC5,20240113113001
SC6_20231216110001.JPG,/Volumes/MediaVault/Masters/Camelot_Photos/SC6/SC6_20231216110001.JPG,SC6,20231216110001
SC6_20231221030001.JPG,/Volumes/MediaVault/Masters/Camelot_Photos/SC6/SC6_20231221030001.JPG,SC6,20231221030001
SC6_20231231155001.JPG,/Volumes/MediaVault/Masters/Camelot_Photos/SC6/SC6_20231231155001.JPG,SC6,20231231155001
SC6_20231231161001.JPG,/Volumes/MediaVault/Masters/Camelot_Photos/SC6/SC6_20231231161001.JPG,SC6,20231231161001
SC6_20231231162002.JPG,/Volumes/MediaVault/Masters/Camelot_Photos/SC6/SC6_20231231162002.JPG,SC6,20231231162002
SC6_20231231164001.JPG,/Volumes/MediaVault/Masters/Camelot_Photos/SC6/SC6_20231231164001.JPG,SC6,20231231164001
SC6_20231231171001.JPG,/Volumes/MediaVault/Masters/Camelot_Photos/SC6/SC6_20231231171001.JPG,SC6,20231231171001
SC6_20231231172001.JPG,/Volumes/MediaVault/Masters/Camelot_Photos/SC6/SC6_20231231172001.JPG,SC6,20231231172001
SC6_20240101081002.JPG,/Volumes/MediaVault/Masters/Camelot_Photos/SC6/SC6_20240101081002.JPG,SC6,20240101081002
SC6_20240101084001.JPG,/Volumes/MediaVault/Masters/Camelot_Photos/SC6/SC6_20240101084001.JPG,SC6,20240101084001
SC7_20231216095501.JPG,/Volumes/MediaVault/Masters/Camelot_Photos/SC7/SC7_20231216095501.JPG,SC7,20231216095501
SC7_20231228085501.JPG,/Volumes/MediaVault/Masters/Camelot_Photos/SC7/SC7_20231228085501.JPG,SC7,20231228085501
SC7_20240101130500.JPG,/Volumes/MediaVault/Masters/Camelot_Photos/SC7/SC7_20240101130500.JPG,SC7,20240101130500
SC7_20240101131501.JPG,/Volumes/MediaVault/Masters/Camelot_Photos/SC7/SC7_20240101131501.JPG,SC7,20240101131501
SC7_20240102131501.JPG,/Volumes/MediaVault/Masters/Camelot_Photos/SC7/SC7_20240102131501.JPG,SC7,20240102131501
SC7_20240103131501.JPG,/Volumes/MediaVault/Masters/Camelot_Photos/SC7/SC7_20240103131501.JPG,SC7,20240103131501
SC7_20240105131501.JPG,/Volumes/MediaVault/Masters/Camelot_Photos/SC7/SC7_20240105131501.JPG,SC7,20240105131501
SC8_20240114092001.JPG,/Volumes/MediaVault/Masters/Camelot_Photos/SC8/SC8_20240114092001.JPG,SC8,20240114092001
SC9_20240110135201.JPG,/Volumes/MediaVault/Masters/Camelot_Photos/SC9/SC9_20240110135201.JPG,SC9,20240110135201
SC9_20240113154201.JPG,/Volumes/MediaVault/Masters/Camelot_Photos/SC9/SC9_20240113154201.JPG,SC9,20240113154201
SLC6_1_20231203160001.JPG,/Volumes/MediaVault/Masters/Camelot_Photos/SLC6_1/SLC6_1_20231203160001.JPG,SLC6_1,20231203160001
SLC6_1_20231204115001.JPG,/Volumes/MediaVault/Masters/Camelot_Photos/SLC6_1/SLC6_1_20231204115001.JPG,SLC6_1,20231204115001
SLC6_1_20231205154001.JPG,/Volumes/MediaVault/Masters/Camelot_Photos/SLC6_1/SLC6_1_20231205154001.JPG,SLC6_1,20231205154001
SLC6_1_20231207102001.JPG,/Volumes/MediaVault/Masters/Camelot_Photos/SLC6_1/SLC6_1_20231207102001.JPG,SLC6_1,20231207102001
SLC6_1_20231207113001.JPG,/Volumes/MediaVault/Masters/Camelot_Photos/SLC6_1/SLC6_1_20231207113001.JPG,SLC6_1,20231207113001
SLC6_1_20231208000001.JPG,/Volumes/MediaVault/Masters/Camelot_Photos/SLC6_1/SLC6_1_20231208000001.JPG,SLC6_1,20231208000001
SLC6_1_20231208091001.JPG,/Volumes/MediaVault/Masters/Camelot_Photos/SLC6_1/SLC6_1_20231208091001.JPG,SLC6_1,20231208091001
SLC6_1_20231208103001.JPG,/Volumes/MediaVault/Masters/Camelot_Photos/SLC6_1/SLC6_1_20231208103001.JPG,SLC6_1,20231208103001
SLC6_1_20231208104001.JPG,/Volumes/MediaVault/Masters/Camelot_Photos/SLC6_1/SLC6_1_20231208104001.JPG,SLC6_1,20231208104001
SLC6_1_20231208114001.JPG,/Volumes/MediaVault/Masters/Camelot_Photos/SLC6_1/SLC6_1_20231208114001.JPG,SLC6_1,20231208114001
SLC6_1_20231209190001.JPG,/Volumes/MediaVault/Masters/Camelot_Photos/SLC6_1/SLC6_1_20231209190001.JPG,SLC6_1,20231209190001
SLC6_1_20231210093001.JPG,/Volumes/MediaVault/Masters/Camelot_Photos/SLC6_1/SLC6_1_20231210093001.JPG,SLC6_1,20231210093001
SLC6_1_20231210112001.JPG,/Volumes/MediaVault/Masters/Camelot_Photos/SLC6_1/SLC6_1_20231210112001.JPG,SLC6_1,20231210112001
SLC6_1_20231210121001.JPG,/Volumes/MediaVault/Masters/Camelot_Photos/SLC6_1/SLC6_1_20231210121001.JPG,SLC6_1,20231210121001
SLC6_1_20231211105001.JPG,/Volumes/MediaVault/Masters/Camelot_Photos/SLC6_1/SLC6_1_20231211105001.JPG,SLC6_1,20231211105001
SLC6_1_20231211115001.JPG,/Volumes/MediaVault/Masters/Camelot_Photos/SLC6_1/SLC6_1_20231211115001.JPG,SLC6_1,20231211115001
SLC6_1_20231211153001.JPG,/Volumes/MediaVault/Masters/Camelot_Photos/SLC6_1/SLC6_1_20231211153001.JPG,SLC6_1,20231211153001
SLC6_1_20231211162001.JPG,/Volumes/MediaVault/Masters/Camelot_Photos/SLC6_1/SLC6_1_20231211162001.JPG,SLC6_1,20231211162001
SLC6_1_20231212154001.JPG,/Volumes/MediaVault/Masters/Camelot_Photos/SLC6_1/SLC6_1_20231212154001.JPG,SLC6_1,20231212154001
SLC6_1_20231212162001.JPG,/Volumes/MediaVault/Masters/Camelot_Photos/SLC6_1/SLC6_1_20231212162001.JPG,SLC6_1,20231212162001
SLC6_1_20231213091001.JPG,/Volumes/MediaVault/Masters/Camelot_Photos/SLC6_1/SLC6_1_20231213091001.JPG,SLC6_1,20231213091001
SLC6_1_20231213105001.JPG,/Volumes/MediaVault/Masters/Camelot_Photos/SLC6_1/SLC6_1_20231213105001.JPG,SLC6_1,20231213105001
SLC6_1_20231213133001.JPG,/Volumes/MediaVault/Masters/Camelot_Photos/SLC6_1/SLC6_1_20231213133001.JPG,SLC6_1,20231213133001
SLC6_1_20231213160001.JPG,/Volumes/MediaVault/Masters/Camelot_Photos/SLC6_1/SLC6_1_20231213160001.JPG,SLC6_1,20231213160001
SLC6_1_20231214085001.JPG,/Volumes/MediaVault/Masters/Camelot_Photos/SLC6_1/SLC6_1_20231214085001.JPG,SLC6_1,20231214085001
SLC6_1_20231214114001.JPG,/Volumes/MediaVault/Masters/Camelot_Photos/SLC6_1/SLC6_1_20231214114001.JPG,SLC6_1,20231214114001
SLC6_1_20231215070001.JPG,/Volumes/MediaVault/Masters/Camelot_Photos/SLC6_1/SLC6_1_20231215070001.JPG,SLC6_1,20231215070001
SLC6_1_20231215102001.JPG,/Volumes/MediaVault/Masters/Camelot_Photos/SLC6_1/SLC6_1_20231215102001.JPG,SLC6_1,20231215102001
SLC6_1_20231215121001.JPG,/Volumes/MediaVault/Masters/Camelot_Photos/SLC6_1/SLC6_1_20231215121001.JPG,SLC6_1,20231215121001
SLC6_1_20231216104001.JPG,/Volumes/MediaVault/Masters/Camelot_Photos/SLC6_1/SLC6_1_20231216104001.JPG,SLC6_1,20231216104001
SLC6_1_20231216110001.JPG,/Volumes/MediaVault/Masters/Camelot_Photos/SLC6_1/SLC6_1_20231216110001.JPG,SLC6_1,20231216110001
SLC6_1_20231216120001.JPG,/Volumes/MediaVault/Masters/Camelot_Photos/SLC6_1/SLC6_1_20231216120001.JPG,SLC6_1,20231216120001
SLC6_1_20231217134001.JPG,/Volumes/MediaVault/Masters/Camelot_Photos/SLC6_1/SLC6_1_20231217134001.JPG,SLC6_1,20231217134001
SLC6_2_20231204095201.JPG,/Volumes/MediaVault/Masters/Camelot_Photos/SLC6_2/SLC6_2_20231204095201.JPG,SLC6_2,20231204095201
SLC6_2_20231204100201.JPG,/Volumes/MediaVault/Masters/Camelot_Photos/SLC6_2/SLC6_2_20231204100201.JPG,SLC6_2,20231204100201
SLC6_2_20231207123201.JPG,/Volumes/MediaVault/Masters/Camelot_Photos/SLC6_2/SLC6_2_20231207123201.JPG,SLC6_2,20231207123201
SLC6_2_20231208094201.JPG,/Volumes/MediaVault/Masters/Camelot_Photos/SLC6_2/SLC6_2_20231208094201.JPG,SLC6_2,20231208094201
SLC6_2_20231208105201.JPG,/Volumes/MediaVault/Masters/Camelot_Photos/SLC6_2/SLC6_2_20231208105201.JPG,SLC6_2,20231208105201
SLC6_2_20231209100201.JPG,/Volumes/MediaVault/Masters/Camelot_Photos/SLC6_2/SLC6_2_20231209100201.JPG,SLC6_2,20231209100201
SLC6_2_20231209102201.JPG,/Volumes/MediaVault/Masters/Camelot_Photos/SLC6_2/SLC6_2_20231209102201.JPG,SLC6_2,20231209102201
SLC6_2_20231209122201.JPG,/Volumes/MediaVault/Masters/Camelot_Photos/SLC6_2/SLC6_2_20231209122201.JPG,SLC6_2,20231209122201
SLC6_2_20231210102201.JPG,/Volumes/MediaVault/Masters/Camelot_Photos/SLC6_2/SLC6_2_20231210102201.JPG,SLC6_2,20231210102201
SLC6_2_20231211121201.JPG,/Volumes/MediaVault/Masters/Camelot_Photos/SLC6_2/SLC6_2_20231211121201.JPG,SLC6_2,20231211121201
SLC6_2_20231212082201.JPG,/Volumes/MediaVault/Masters/Camelot_Photos/SLC6_2/SLC6_2_20231212082201.JPG,SLC6_2,20231212082201
SLC6_2_20231212103201.JPG,/Volumes/MediaVault/Masters/Camelot_Photos/SLC6_2/SLC6_2_20231212103201.JPG,SLC6_2,20231212103201
SLC6_2_20231212110201.JPG,/Volumes/MediaVault/Masters/Camelot_Photos/SLC6_2/SLC6_2_20231212110201.JPG,SLC6_2,20231212110201
SLC6_2_20231212112201.JPG,/Volumes/MediaVault/Masters/Camelot_Photos/SLC6_2/SLC6_2_20231212112201.JPG,SLC6_2,20231212112201
SLC6_2_20231213103201.JPG,/Volumes/MediaVault/Masters/Camelot_Photos/SLC6_2/SLC6_2_20231213103201.JPG,SLC6_2,20231213103201
SLC6_2_20231213113201.JPG,/Volumes/MediaVault/Masters/Camelot_Photos/SLC6_2/SLC6_2_20231213113201.JPG,SLC6_2,20231213113201
SLC6_2_20231213120201.JPG,/Volumes/MediaVault/Masters/Camelot_Photos/SLC6_2/SLC6_2_20231213120201.JPG,SLC6_2,20231213120201
SLC6_2_20231213123201.JPG,/Volumes/MediaVault/Masters/Camelot_Photos/SLC6_2/SLC6_2_20231213123201.JPG,SLC6_2,20231213123201
SLC6_2_20231214082201.JPG,/Volumes/MediaVault/Masters/Camelot_Photos/SLC6_2/SLC6_2_20231214082201.JPG,SLC6_2,20231214082201
SLC6_2_20231214111201.JPG,/Volumes/MediaVault/Masters/Camelot_Photos/SLC6_2/SLC6_2_20231214111201.JPG,SLC6_2,20231214111201
SLC6_2_20231215104201.JPG,/Volumes/MediaVault/Masters/Camelot_Photos/SLC6_2/SLC6_2_20231215104201.JPG,SLC6_2,20231215104201
SLC6_2_20231215110201.JPG,/Volumes/MediaVault/Masters/Camelot_Photos/SLC6_2/SLC6_2_20231215110201.JPG,SLC6_2,20231215110201
SLC6_2_20231215111201.JPG,/Volumes/MediaVault/Masters/Camelot_Photos/SLC6_2/SLC6_2_20231215111201.JPG,SLC6_2,20231215111201
SLC6_2_20231215135201.JPG,/Volumes/MediaVault/Masters/Camelot_Photos/SLC6_2/SLC6_2_20231215135201.JPG,SLC6_2,20231215135201
SLC6_2_20231216104201.JPG,/Volumes/MediaVault/Masters/Camelot_Photos/SLC6_2/SLC6_2_20231216104201.JPG,SLC6_2,20231216104201
SLC6_2_20231222101201.JPG,/Volumes/MediaVault/Masters/Camelot_Photos/SLC6_2/SLC6_2_20231222101201.JPG,SLC6_2,20231222101201
SLC6_2_20231224095201.JPG,/Volumes/MediaVault/Masters/Camelot_Photos/SLC6_2/SLC6_2_20231224095201.JPG,SLC6_2,20231224095201
SLC6_2_20231224101201.JPG,/Volumes/MediaVault/Masters/Camelot_Photos/SLC6_2/SLC6_2_20231224101201.JPG,SLC6_2,20231224101201
SLC6_2_20231224102201.JPG,/Volumes/MediaVault/Masters/Camelot_Photos/SLC6_2/SLC6_2_20231224102201.JPG,SLC6_2,20231224102201
SLC6_2_20231224111201.JPG,/Volumes/MediaVault/Masters/Camelot_Photos/SLC6_2/SLC6_2_20231224111201.JPG,SLC6_2,20231224111201
SLC6_2_20231225102201.JPG,/Volumes/MediaVault/Masters/Camelot_Photos/SLC6_2/SLC6_2_20231225102201.JPG,SLC6_2,20231225102201
SLC6_2_20240101104201.JPG,/Volumes/MediaVault/Masters/Camelot_Photos/SLC6_2/SLC6_2_20240101104201.JPG,SLC6_2,20240101104201
SLC6_2_20240101124201.JPG,/Volumes/MediaVault/Masters/Camelot_Photos/SLC6_2/SLC6_2_20240101124201.JPG,SLC6_2,20240101124201
SLC6_2_20240102103201.JPG,/Volumes/MediaVault/Masters/Camelot_Photos/SLC6_2/SLC6_2_20240102103201.JPG,SLC6_2,20240102103201
SLC6_2_20240104102201.JPG,/Volumes/MediaVault/Masters/Camelot_Photos/SLC6_2/SLC6_2_20240104102201.JPG,SLC6_2,20240104102201
SLC6_2_20240105101201.JPG,/Volumes/MediaVault/Masters/Camelot_Photos/SLC6_2/SLC6_2_20240105101201.JPG,SLC6_2,20240105101201
SLC6_2_20240105102201.JPG,/Volumes/MediaVault/Masters/Camelot_Photos/SLC6_2/SLC6_2_20240105102201.JPG,SLC6_2,20240105102201
SLC6_2_20240105104201.JPG,/Volumes/MediaVault/Masters/Camelot_Photos/SLC6_2/SLC6_2_20240105104201.JPG,SLC6_2,20240105104201
UDMH1_20240108141001.JPG,/Volumes/MediaVault/Masters/Camelot_Photos/UDMH1/UDMH1_20240108141001.JPG,UDMH1,20240108141001
UDMH1_20240108142001.JPG,/Volumes/MediaVault/Masters/Camelot_Photos/UDMH1/UDMH1_20240108142001.JPG,UDMH1,20240108142001
UDMH1_20240108143001.JPG,/Volumes/MediaVault/Masters/Camelot_Photos/UDMH1/UDMH1_20240108143001.JPG,UDMH1,20240108143001
UDMH1_20240108144001.JPG,/Volumes/MediaVault/Masters/Camelot_Photos/UDMH1/UDMH1_20240108144001.JPG,UDMH1,20240108144001
UDMH1_20240108145001.JPG,/Volumes/MediaVault/Masters/Camelot_Photos/UDMH1/UDMH1_20240108145001.JPG,UDMH1,20240108145001
UDMH1_20240108150001.JPG,/Volumes/MediaVault/Masters/Camelot_Photos/UDMH1/UDMH1_20240108150001.JPG,UDMH1,20240108150001
UDMH1_20240108161001.JPG,/Volumes/MediaVault/Masters/Camelot_Photos/UDMH1/UDMH1_20240108161001.JPG,UDMH1,20240108161001
UDMH1_20240108165001.JPG,/Volumes/MediaVault/Masters/Camelot_Photos/UDMH1/UDMH1_20240108165001.JPG,UDMH1,20240108165001
UDMH1_20240109092001.JPG,/Volumes/MediaVault/Masters/Camelot_Photos/UDMH1/UDMH1_20240109092001.JPG,UDMH1,20240109092001
UDMH1_20240109141001.JPG,/Volumes/MediaVault/Masters/Camelot_Photos/UDMH1/UDMH1_20240109141001.JPG,UDMH1,20240109141001
UDMH1_20240109142001.JPG,/Volumes/MediaVault/Masters/Camelot_Photos/UDMH1/UDMH1_20240109142001.JPG,UDMH1,20240109142001
UDMH1_20240109143001.JPG,/Volumes/MediaVault/Masters/Camelot_Photos/UDMH1/UDMH1_20240109143001.JPG,UDMH1,20240109143001
UDMH1_20240109145001.JPG,/Volumes/MediaVault/Masters/Camelot_Photos/UDMH1/UDMH1_20240109145001.JPG,UDMH1,20240109145001
UDMH1_20240109150001.JPG,/Volumes/MediaVault/Masters/Camelot_Photos/UDMH1/UDMH1_20240109150001.JPG,UDMH1,20240109150001
UDMH1_20240109165001.JPG,/Volumes/MediaVault/Masters/Camelot_Photos/UDMH1/UDMH1_20240109165001.JPG,UDMH1,20240109165001
UDMH1_20240110143001.JPG,/Volumes/MediaVault/Masters/Camelot_Photos/UDMH1/UDMH1_20240110143001.JPG,UDMH1,20240110143001
UDMH1_20240112144001.JPG,/Volumes/MediaVault/Masters/Camelot_Photos/UDMH1/UDMH1_20240112144001.JPG,UDMH1,20240112144001
UDMH2_20240105122001.JPG,/Volumes/MediaVault/Masters/Camelot_Photos/UDMH2/UDMH2_20240105122001.JPG,UDMH2,20240105122001
UDMH2_20240105123001.JPG,/Volumes/MediaVault/Masters/Camelot_Photos/UDMH2/UDMH2_20240105123001.JPG,UDMH2,20240105123001
UDMH2_20240105125001.JPG,/Volumes/MediaVault/Masters/Camelot_Photos/UDMH2/UDMH2_20240105125001.JPG,UDMH2,20240105125001
UDMH2_20240105130001.JPG,/Volumes/MediaVault/Masters/Camelot_Photos/UDMH2/UDMH2_20240105130001.JPG,UDMH2,20240105130001
UDMH2_20240105132001.JPG,/Volumes/MediaVault/Masters/Camelot_Photos/UDMH2/UDMH2_20240105132001.JPG,UDMH2,20240105132001
UDMH2_20240105133001.JPG,/Volumes/MediaVault/Masters/Camelot_Photos/UDMH2/UDMH2_20240105133001.JPG,UDMH2,20240105133001
UDMH2_20240105134001.JPG,/Volumes/MediaVault/Masters/Camelot_Photos/UDMH2/UDMH2_20240105134001.JPG,UDMH2,20240105134001
UDMH3_20240123115001.JPG,/Volumes/MediaVault/Masters/Camelot_Photos/UDMH3/UDMH3_20240123115001.JPG,UDMH3,20240123115001
UDMH3_20240123121001.JPG,/Volumes/MediaVault/Masters/Camelot_Photos/UDMH3/UDMH3_20240123121001.JPG,UDMH3,20240123121001
UDMH3_20240125144001.JPG,/Volumes/MediaVault/Masters/Camelot_Photos/UDMH3/UDMH3_20240125144001.JPG,UDMH3,20240125144001
UDMH3_20240128104001.JPG,/Volumes/MediaVault/Masters/Camelot_Photos/UDMH3/UDMH3_20240128104001.JPG,UDMH3,20240128104001
UDMH3_20240129080001.JPG,/Volumes/MediaVault/Masters/Camelot_Photos/UDMH3/UDMH3_20240129080001.JPG,UDMH3,20240129080001
